Workbook

Sheet Power consumption Overview
A1: Supply | B1: Voltage [V] | C1: Average load [A] | D1: Peak load [A] | E1: Average current [A] | F1: Peak current [A] | G1: Type | H1: Source | I1: Input voltage [V] | J1: Converter efficiency | K1: Average input current [A] | L1: Peak input current [A]
A2: VBAT | B2: 8 | E2: =C2+SUMIF($H$2:$H$10,$A2,K$2:K$10) -> 0.13733468 | F2: =D2+SUMIF($H$2:$H$10,$A2,L$2:L$10) -> 0.13733446 | G2: Direct | H2: Bat
A3: VCC | B3: =B2 -> 8 | C3: {=INDIRECT("'" & $A3 & "'!$H$2")} -> 0 | D3: {=INDIRECT("'" & $A3 & "'!$I$2")} -> 0 | E3: =C3+SUMIF($H$2:$H$10,$A3,K$2:K$10) -> 0.13733468 | F3: =D3+SUMIF($H$2:$H$10,$A3,L$2:L$10) -> 0.13733446 | G3: Direct | H3: VBAT | I3: =SUMIF($A$2:$A$10,H3,$B$2:$B$10) -> 8 | K3: =IF($G3="Converter",$B3*E3/$I3/$J3,IF($G3="Regulator",E3,IF($G3="Direct",IF($B3=$I3,E3,"Type Direct unavailable due to voltage difference"),"Unrecognized Type"))) -> 0.13733468 | L3: =IF($G3="Converter",$B3*F3/$I3/$J3,IF($G3="Regulator",F3,IF($G3="Direct",IF($B3=$I3,F3,"Type Direct unavailable due to voltage difference"),"Unrecognized Type"))) -> 0.13733446
A4: +15V | B4: 15 | C4: {=INDIRECT("'" & $A4 & "'!$H$2")} -> 0 | D4: {=INDIRECT("'" & $A4 & "'!$I$2")} -> 0 | E4: =C4+SUMIF($H$2:$H$10,$A4,K$2:K$10) -> 0.065920645 | F4: =D4+SUMIF($H$2:$H$10,$A4,L$2:L$10) -> 0.065920541 | G4: Converter | H4: VCC | I4: =SUMIF($A$2:$A$10,H4,$B$2:$B$10) -> 8 | J4: 0.9 | K4: =IF($G4="Converter",$B4*E4/$I4/$J4,IF($G4="Regulator",E4,IF($G4="Direct",IF($B4=$I4,E4,"Type Direct unavailable due to voltage difference"),"Unrecognized Type"))) -> 0.13733468 | L4: =IF($G4="Converter",$B4*F4/$I4/$J4,IF($G4="Regulator",F4,IF($G4="Direct",IF($B4=$I4,F4,"Type Direct unavailable due to voltage difference"),"Unrecognized Type"))) -> 0.13733446
A5: +3V3 | B5: 3.3 | C5: {=INDIRECT("'" & $A5 & "'!$H$2")} -> 0 | D5: {=INDIRECT("'" & $A5 & "'!$I$2")} -> 0 | E5: =C5+SUMIF($H$2:$H$10,$A5,K$2:K$10) -> 0 | F5: =D5+SUMIF($H$2:$H$10,$A5,L$2:L$10) -> 0 | G5: Converter | H5: +15V | I5: =SUMIF($A$2:$A$10,H5,$B$2:$B$10) -> 15 | J5: 0.9 | K5: =IF($G5="Converter",$B5*E5/$I5/$J5,IF($G5="Regulator",E5,IF($G5="Direct",IF($B5=$I5,E5,"Type Direct unavailable due to voltage difference"),"Unrecognized Type"))) -> 0 | L5: =IF($G5="Converter",$B5*F5/$I5/$J5,IF($G5="Regulator",F5,IF($G5="Direct",IF($B5=$I5,F5,"Type Direct unavailable due to voltage difference"),"Unrecognized Type"))) -> 0
A6: +5V | B6: 5 | C6: {=INDIRECT("'" & $A6 & "'!$H$2")} -> 0 | D6: {=INDIRECT("'" & $A6 & "'!$I$2")} -> 0 | E6: =C6+SUMIF($H$2:$H$10,$A6,K$2:K$10) -> 0.017521429 | F6: =D6+SUMIF($H$2:$H$10,$A6,L$2:L$10) -> 0.017521429 | G6: Converter | H6: +15V | I6: =SUMIF($A$2:$A$10,H6,$B$2:$B$10) -> 15 | J6: 0.9 | K6: =IF($G6="Converter",$B6*E6/$I6/$J6,IF($G6="Regulator",E6,IF($G6="Direct",IF($B6=$I6,E6,"Type Direct unavailable due to voltage difference"),"Unrecognized Type"))) -> 0.006489418 | L6: =IF($G6="Converter",$B6*F6/$I6/$J6,IF($G6="Regulator",F6,IF($G6="Direct",IF($B6=$I6,F6,"Type Direct unavailable due to voltage difference"),"Unrecognized Type"))) -> 0.006489418
A7: +3V3_A | B7: 3.3 | C7: {=INDIRECT("'" & $A7 & "'!$H$2")} -> 0.017521429 | D7: {=INDIRECT("'" & $A7 & "'!$I$2")} -> 0.017521429 | E7: =C7+SUMIF($H$2:$H$10,$A7,K$2:K$10) -> 0.017521429 | F7: =D7+SUMIF($H$2:$H$10,$A7,L$2:L$10) -> 0.017521429 | G7: Regulator | H7: +5V | I7: =SUMIF($A$2:$A$10,H7,$B$2:$B$10) -> 5 | K7: =IF($G7="Converter",$B7*E7/$I7/$J7,IF($G7="Regulator",E7,IF($G7="Direct",IF($B7=$I7,E7,"Type Direct unavailable due to voltage difference"),"Unrecognized Type"))) -> 0.017521429 | L7: =IF($G7="Converter",$B7*F7/$I7/$J7,IF($G7="Regulator",F7,IF($G7="Direct",IF($B7=$I7,F7,"Type Direct unavailable due to voltage difference"),"Unrecognized Type"))) -> 0.017521429
A8: +3V3_UI | B8: 3.3 | C8: {=INDIRECT("'" & $A8 & "'!$H$2")} -> 0 | D8: {=INDIRECT("'" & $A8 & "'!$I$2")} -> 0 | E8: =C8+SUMIF($H$2:$H$10,$A8,K$2:K$10) -> 0 | F8: =D8+SUMIF($H$2:$H$10,$A8,L$2:L$10) -> 0 | G8: Converter | H8: +15V | I8: =SUMIF($A$2:$A$10,H8,$B$2:$B$10) -> 15 | J8: 0.9 | K8: =IF($G8="Converter",$B8*E8/$I8/$J8,IF($G8="Regulator",E8,IF($G8="Direct",IF($B8=$I8,E8,"Type Direct unavailable due to voltage difference"),"Unrecognized Type"))) -> 0 | L8: =IF($G8="Converter",$B8*F8/$I8/$J8,IF($G8="Regulator",F8,IF($G8="Direct",IF($B8=$I8,F8,"Type Direct unavailable due to voltage difference"),"Unrecognized Type"))) -> 0
A9: VLED | B9: 4 | C9: {=INDIRECT("'" & $A9 & "'!$H$2")} -> 0.20058 | D9: {=INDIRECT("'" & $A9 & "'!$I$2")} -> 0.20058 | E9: =C9+SUMIF($H$2:$H$10,$A9,K$2:K$10) -> 0.20058 | F9: =D9+SUMIF($H$2:$H$10,$A9,L$2:L$10) -> 0.20058 | G9: Converter | H9: +15V | I9: =SUMIF($A$2:$A$10,H9,$B$2:$B$10) -> 15 | J9: 0.9 | K9: =IF($G9="Converter",$B9*E9/$I9/$J9,IF($G9="Regulator",E9,IF($G9="Direct",IF($B9=$I9,E9,"Type Direct unavailable due to voltage difference"),"Unrecognized Type"))) -> 0.059431111 | L9: =IF($G9="Converter",$B9*F9/$I9/$J9,IF($G9="Regulator",F9,IF($G9="Direct",IF($B9=$I9,F9,"Type Direct unavailable due to voltage difference"),"Unrecognized Type"))) -> 0.059431111
A10: +3V3_STBY | B10: 3.3 | C10: {=INDIRECT("'" & $A10 & "'!$H$2")} -> 1e-06 | D10: {=INDIRECT("'" & $A10 & "'!$I$2")} -> 1e-07 | E10: =C10+SUMIF($H$2:$H$10,$A10,K$2:K$10) -> 1e-06 | F10: =D10+SUMIF($H$2:$H$10,$A10,L$2:L$10) -> 1e-07 | G10: Converter | H10: +15V | I10: =SUMIF($A$2:$A$10,H10,$B$2:$B$10) -> 15 | J10: 1.9 | K10: =IF($G10="Converter",$B10*E10/$I10/$J10,IF($G10="Regulator",E10,IF($G10="Direct",IF($B10=$I10,E10,"Type Direct unavailable due to voltage difference"),"Unrecognized Type"))) -> 1.1578947e-07 | L10: =IF($G10="Converter",$B10*F10/$I10/$J10,IF($G10="Regulator",F10,IF($G10="Direct",IF($B10=$I10,F10,"Type Direct unavailable due to voltage difference"),"Unrecognized Type"))) -> 1.1578947e-08

Sheet VCC
A1: Schematic sheet | B1: Component | C1: Quantity | D1: Voltage [V] | E1: Resistance [Ω] | F1: Average operating current [A] | G1: Peak operating current [A] | H1: Average current [A] | I1: Peak current [A] | J1: Average power [W] | K1: Peak power [W] | M1: Average current [mA] | N1: Peak current [mA] | O1: Average power [mW] | P1: Peak power [mW]
A2: Total | D2: ='Power consumption Overview'!B2 -> 8 | H2: =SUM(H3:H1048576) -> 0 | I2: =SUM(I3:I1048576) -> 0 | J2: =SUM(J3:J1048576) -> 0 | K2: =SUM(K3:K1048576) -> 0 | M2: =SUM(M3:M1048576) -> 0 | N2: =SUM(N3:N1048576) -> 0 | O2: =SUM(O3:O1048576) -> 0 | P2: =SUM(P3:P1048576) -> 0
C3: 1 | D3: =D$2 -> 8 | H3: =IF(ISBLANK($E3),F3*$C3,$D3/$E3*$C3+F3*$C3) -> 0 | I3: =IF(ISBLANK($E3),G3*$C3,$D3/$E3*$C3+G3*$C3) -> 0 | J3: =$D3*H3 -> 0 | K3: =$D3*I3 -> 0 | M3: =H3*1000 -> 0 | N3: =I3*1000 -> 0 | O3: =J3*1000 -> 0 | P3: =K3*1000 -> 0

Sheet +15V
A1: Schematic sheet | B1: Component | C1: Quantity | D1: Voltage [V] | E1: Resistance [Ω] | F1: Average operating current [A] | G1: Peak operating current [A] | H1: Average current [A] | I1: Peak current [A] | J1: Average power [W] | K1: Peak power [W] | M1: Average current [mA] | N1: Peak current [mA] | O1: Average power [mW] | P1: Peak power [mW]
A2: Total | D2: ='Power consumption Overview'!B4 -> 15 | H2: =SUM(H3:H1048576) -> 0 | I2: =SUM(I3:I1048576) -> 0 | J2: =SUM(J3:J1048576) -> 0 | K2: =SUM(K3:K1048576) -> 0 | M2: =SUM(M3:M1048576) -> 0 | N2: =SUM(N3:N1048576) -> 0 | O2: =SUM(O3:O1048576) -> 0 | P2: =SUM(P3:P1048576) -> 0
C3: 1 | D3: =D$2 -> 15 | H3: =IF(ISBLANK($E3),F3*$C3,$D3/$E3*$C3+F3*$C3) -> 0 | I3: =IF(ISBLANK($E3),G3*$C3,$D3/$E3*$C3+G3*$C3) -> 0 | J3: =$D3*H3 -> 0 | K3: =$D3*I3 -> 0 | M3: =H3*1000 -> 0 | N3: =I3*1000 -> 0 | O3: =J3*1000 -> 0 | P3: =K3*1000 -> 0

Sheet +3V3
A1: Schematic sheet | B1: Component | C1: Quantity | D1: Voltage [V] | E1: Resistance [Ω] | F1: Average operating current [A] | G1: Peak operating current [A] | H1: Average current [A] | I1: Peak current [A] | J1: Average power [W] | K1: Peak power [W] | M1: Average current [mA] | N1: Peak current [mA] | O1: Average power [mW] | P1: Peak power [mW]
A2: Total | D2: ='Power consumption Overview'!B5 -> 3.3 | H2: =SUM(H3:H1048576) -> 0 | I2: =SUM(I3:I1048576) -> 0 | J2: =SUM(J3:J1048576) -> 0 | K2: =SUM(K3:K1048576) -> 0 | M2: =SUM(M3:M1048576) -> 0 | N2: =SUM(N3:N1048576) -> 0 | O2: =SUM(O3:O1048576) -> 0 | P2: =SUM(P3:P1048576) -> 0
C3: 1 | D3: =D$2 -> 3.3 | H3: =IF(ISBLANK($E3),F3*$C3,$D3/$E3*$C3+F3*$C3) -> 0 | I3: =IF(ISBLANK($E3),G3*$C3,$D3/$E3*$C3+G3*$C3) -> 0 | J3: =$D3*H3 -> 0 | K3: =$D3*I3 -> 0 | M3: =H3*1000 -> 0 | N3: =I3*1000 -> 0 | O3: =J3*1000 -> 0 | P3: =K3*1000 -> 0

Sheet +5V
A1: Schematic sheet | B1: Component | C1: Quantity | D1: Voltage [V] | E1: Resistance [Ω] | F1: Average operating current [A] | G1: Peak operating current [A] | H1: Average current [A] | I1: Peak current [A] | J1: Average power [W] | K1: Peak power [W] | M1: Average current [mA] | N1: Peak current [mA] | O1: Average power [mW] | P1: Peak power [mW]
A2: Total | D2: ='Power consumption Overview'!B6 -> 5 | H2: =SUM(H3:H1048576) -> 0 | I2: =SUM(I3:I1048576) -> 0 | J2: =SUM(J3:J1048576) -> 0 | K2: =SUM(K3:K1048576) -> 0 | M2: =SUM(M3:M1048576) -> 0 | N2: =SUM(N3:N1048576) -> 0 | O2: =SUM(O3:O1048576) -> 0 | P2: =SUM(P3:P1048576) -> 0
C3: 1 | D3: =D$2 -> 5 | H3: =IF(ISBLANK($E3),F3*$C3,$D3/$E3*$C3+F3*$C3) -> 0 | I3: =IF(ISBLANK($E3),G3*$C3,$D3/$E3*$C3+G3*$C3) -> 0 | J3: =$D3*H3 -> 0 | K3: =$D3*I3 -> 0 | M3: =H3*1000 -> 0 | N3: =I3*1000 -> 0 | O3: =J3*1000 -> 0 | P3: =K3*1000 -> 0

Sheet +3V3_A
A1: Schematic sheet | B1: Component | C1: Quantity | D1: Voltage [V] | E1: Resistance [Ω] | F1: Average operating current [A] | G1: Peak operating current [A] | H1: Average current [A] | I1: Peak current [A] | J1: Average power [W] | K1: Peak power [W] | M1: Average current [mA] | N1: Peak current [mA] | O1: Average power [mW] | P1: Peak power [mW]
A2: Total | D2: ='Power consumption Overview'!B7 -> 3.3 | H2: =SUM(H3:H1048576) -> 0.017521429 | I2: =SUM(I3:I1048576) -> 0.017521429 | J2: =SUM(J3:J1048576) -> 0.057820714 | K2: =SUM(K3:K1048576) -> 0.057820714 | M2: =SUM(M3:M1048576) -> 17.521429 | N2: =SUM(N3:N1048576) -> 17.521429 | O2: =SUM(O3:O1048576) -> 57.820714 | P2: =SUM(P3:P1048576) -> 57.820714
A3: Battery & BMS | B3: Operational amplifier | C3: 1 | D3: =D$2 -> 3.3 | F3: 0.00025 | G3: =F3 -> 0.00025 | H3: =IF(ISBLANK($E3),F3*$C3,$D3/$E3*$C3+F3*$C3) -> 0.00025 | I3: =IF(ISBLANK($E3),G3*$C3,$D3/$E3*$C3+G3*$C3) -> 0.00025 | J3: =$D3*H3 -> 0.000825 | K3: =$D3*I3 -> 0.000825 | M3: =H3*1000 -> 0.25 | N3: =I3*1000 -> 0.25 | O3: =J3*1000 -> 0.825 | P3: =K3*1000 -> 0.825
A4: Converter | B4: Temperature sensor | C4: 3 | D4: =D$2 -> 3.3 | E4: 10000 | H4: =IF(ISBLANK($E4),F4*$C4,$D4/$E4*$C4+F4*$C4) -> 0.00099 | I4: =IF(ISBLANK($E4),G4*$C4,$D4/$E4*$C4+G4*$C4) -> 0.00099 | J4: =$D4*H4 -> 0.003267 | K4: =$D4*I4 -> 0.003267 | M4: =H4*1000 -> 0.99 | N4: =I4*1000 -> 0.99 | O4: =J4*1000 -> 3.267 | P4: =K4*1000 -> 3.267
A5: HV Converter | B5: Temperature sensor | C5: 0 | D5: =D$2 -> 3.3 | E5: 10000 | H5: =IF(ISBLANK($E5),F5*$C5,$D5/$E5*$C5+F5*$C5) -> 0 | I5: =IF(ISBLANK($E5),G5*$C5,$D5/$E5*$C5+G5*$C5) -> 0 | J5: =$D5*H5 -> 0 | K5: =$D5*I5 -> 0 | M5: =H5*1000 -> 0 | N5: =I5*1000 -> 0 | O5: =J5*1000 -> 0 | P5: =K5*1000 -> 0
A6: Protection | B6: OVP amplifier | C6: 1 | D6: =D$2 -> 3.3 | F6: 0.00025 | G6: =F6 -> 0.00025 | H6: =IF(ISBLANK($E6),F6*$C6,$D6/$E6*$C6+F6*$C6) -> 0.00025 | I6: =IF(ISBLANK($E6),G6*$C6,$D6/$E6*$C6+G6*$C6) -> 0.00025 | J6: =$D6*H6 -> 0.000825 | K6: =$D6*I6 -> 0.000825 | M6: =H6*1000 -> 0.25 | N6: =I6*1000 -> 0.25 | O6: =J6*1000 -> 0.825 | P6: =K6*1000 -> 0.825
A7: Protection | B7: OVP comparator | C7: 1 | D7: =D$2 -> 3.3 | F7: 0.0001 | G7: =F7 -> 0.0001 | H7: =IF(ISBLANK($E7),F7*$C7,$D7/$E7*$C7+F7*$C7) -> 0.0001 | I7: =IF(ISBLANK($E7),G7*$C7,$D7/$E7*$C7+G7*$C7) -> 0.0001 | J7: =$D7*H7 -> 0.00033 | K7: =$D7*I7 -> 0.00033 | M7: =H7*1000 -> 0.1 | N7: =I7*1000 -> 0.1 | O7: =J7*1000 -> 0.33 | P7: =K7*1000 -> 0.33
A8: Protection | B8: OVP pullup | C8: 1 | D8: =D$2 -> 3.3 | E8: 200000 | H8: =IF(ISBLANK($E8),F8*$C8,$D8/$E8*$C8+F8*$C8) -> 1.65e-05 | I8: =IF(ISBLANK($E8),G8*$C8,$D8/$E8*$C8+G8*$C8) -> 1.65e-05 | J8: =$D8*H8 -> 5.445e-05 | K8: =$D8*I8 -> 5.445e-05 | M8: =H8*1000 -> 0.0165 | N8: =I8*1000 -> 0.0165 | O8: =J8*1000 -> 0.05445 | P8: =K8*1000 -> 0.05445
A9: Protection | B9: OVP reset | C9: 1 | D9: =D$2 -> 3.3 | E9: 10000 | H9: =IF(ISBLANK($E9),F9*$C9,$D9/$E9*$C9+F9*$C9) -> 0.00033 | I9: =IF(ISBLANK($E9),G9*$C9,$D9/$E9*$C9+G9*$C9) -> 0.00033 | J9: =$D9*H9 -> 0.001089 | K9: =$D9*I9 -> 0.001089 | M9: =H9*1000 -> 0.33 | N9: =I9*1000 -> 0.33 | O9: =J9*1000 -> 1.089 | P9: =K9*1000 -> 1.089
A10: Protection | B10: OVP reference | C10: 1 | D10: =D$2 -> 3.3 | E10: 16800 | H10: =IF(ISBLANK($E10),F10*$C10,$D10/$E10*$C10+F10*$C10) -> 0.00019642857 | I10: =IF(ISBLANK($E10),G10*$C10,$D10/$E10*$C10+G10*$C10) -> 0.00019642857 | J10: =$D10*H10 -> 0.00064821429 | K10: =$D10*I10 -> 0.00064821429 | M10: =H10*1000 -> 0.19642857 | N10: =I10*1000 -> 0.19642857 | O10: =J10*1000 -> 0.64821429 | P10: =K10*1000 -> 0.64821429
A11: Protection | B11: OVP output | C11: 1 | D11: =D$2 -> 3.3 | E11: 10000 | H11: =IF(ISBLANK($E11),F11*$C11,$D11/$E11*$C11+F11*$C11) -> 0.00033 | I11: =IF(ISBLANK($E11),G11*$C11,$D11/$E11*$C11+G11*$C11) -> 0.00033 | J11: =$D11*H11 -> 0.001089 | K11: =$D11*I11 -> 0.001089 | M11: =H11*1000 -> 0.33 | N11: =I11*1000 -> 0.33 | O11: =J11*1000 -> 1.089 | P11: =K11*1000 -> 1.089
A12: Protection | B12: OCP comparator | C12: 2 | D12: =D$2 -> 3.3 | F12: 0.0001 | G12: =F12 -> 0.0001 | H12: =IF(ISBLANK($E12),F12*$C12,$D12/$E12*$C12+F12*$C12) -> 0.0002 | I12: =IF(ISBLANK($E12),G12*$C12,$D12/$E12*$C12+G12*$C12) -> 0.0002 | J12: =$D12*H12 -> 0.00066 | K12: =$D12*I12 -> 0.00066 | M12: =H12*1000 -> 0.2 | N12: =I12*1000 -> 0.2 | O12: =J12*1000 -> 0.66 | P12: =K12*1000 -> 0.66
A13: Protection | B13: OCP input reference | C13: 1 | D13: =D$2 -> 3.3 | E13: 200000 | H13: =IF(ISBLANK($E13),F13*$C13,$D13/$E13*$C13+F13*$C13) -> 1.65e-05 | I13: =IF(ISBLANK($E13),G13*$C13,$D13/$E13*$C13+G13*$C13) -> 1.65e-05 | J13: =$D13*H13 -> 5.445e-05 | K13: =$D13*I13 -> 5.445e-05 | M13: =H13*1000 -> 0.0165 | N13: =I13*1000 -> 0.0165 | O13: =J13*1000 -> 0.05445 | P13: =K13*1000 -> 0.05445
A14: Protection | B14: OCP comparator output | C14: 1 | D14: =D$2 -> 3.3 | E14: 10000 | H14: =IF(ISBLANK($E14),F14*$C14,$D14/$E14*$C14+F14*$C14) -> 0.00033 | I14: =IF(ISBLANK($E14),G14*$C14,$D14/$E14*$C14+G14*$C14) -> 0.00033 | J14: =$D14*H14 -> 0.001089 | K14: =$D14*I14 -> 0.001089 | M14: =H14*1000 -> 0.33 | N14: =I14*1000 -> 0.33 | O14: =J14*1000 -> 1.089 | P14: =K14*1000 -> 1.089
A15: Protection | B15: OCP timer reference | C15: 1 | D15: =D$2 -> 3.3 | E15: 200000 | H15: =IF(ISBLANK($E15),F15*$C15,$D15/$E15*$C15+F15*$C15) -> 1.65e-05 | I15: =IF(ISBLANK($E15),G15*$C15,$D15/$E15*$C15+G15*$C15) -> 1.65e-05 | J15: =$D15*H15 -> 5.445e-05 | K15: =$D15*I15 -> 5.445e-05 | M15: =H15*1000 -> 0.0165 | N15: =I15*1000 -> 0.0165 | O15: =J15*1000 -> 0.05445 | P15: =K15*1000 -> 0.05445
A16: Protection | B16: OCP timer output | C16: 1 | D16: =D$2 -> 3.3 | E16: 10000 | H16: =IF(ISBLANK($E16),F16*$C16,$D16/$E16*$C16+F16*$C16) -> 0.00033 | I16: =IF(ISBLANK($E16),G16*$C16,$D16/$E16*$C16+G16*$C16) -> 0.00033 | J16: =$D16*H16 -> 0.001089 | K16: =$D16*I16 -> 0.001089 | M16: =H16*1000 -> 0.33 | N16: =I16*1000 -> 0.33 | O16: =J16*1000 -> 1.089 | P16: =K16*1000 -> 1.089
A17: Current Source | B17: Temperature sensor | C17: 1 | D17: =D$2 -> 3.3 | E17: 10000 | H17: =IF(ISBLANK($E17),F17*$C17,$D17/$E17*$C17+F17*$C17) -> 0.00033 | I17: =IF(ISBLANK($E17),G17*$C17,$D17/$E17*$C17+G17*$C17) -> 0.00033 | J17: =$D17*H17 -> 0.001089 | K17: =$D17*I17 -> 0.001089 | M17: =H17*1000 -> 0.33 | N17: =I17*1000 -> 0.33 | O17: =J17*1000 -> 1.089 | P17: =K17*1000 -> 1.089
A18: Output Terminal | B18: Reference | C18: 1 | D18: =D$2 -> 3.3 | E18: 200000 | H18: =IF(ISBLANK($E18),F18*$C18,$D18/$E18*$C18+F18*$C18) -> 1.65e-05 | I18: =IF(ISBLANK($E18),G18*$C18,$D18/$E18*$C18+G18*$C18) -> 1.65e-05 | J18: =$D18*H18 -> 5.445e-05 | K18: =$D18*I18 -> 5.445e-05 | M18: =H18*1000 -> 0.0165 | N18: =I18*1000 -> 0.0165 | O18: =J18*1000 -> 0.05445 | P18: =K18*1000 -> 0.05445
A19: Output Terminal | B19: Comparator | C19: 1 | D19: =D$2 -> 3.3 | F19: 0.0001 | G19: =F19 -> 0.0001 | H19: =IF(ISBLANK($E19),F19*$C19,$D19/$E19*$C19+F19*$C19) -> 0.0001 | I19: =IF(ISBLANK($E19),G19*$C19,$D19/$E19*$C19+G19*$C19) -> 0.0001 | J19: =$D19*H19 -> 0.00033 | K19: =$D19*I19 -> 0.00033 | M19: =H19*1000 -> 0.1 | N19: =I19*1000 -> 0.1 | O19: =J19*1000 -> 0.33 | P19: =K19*1000 -> 0.33
A20: Output Terminal | B20: Operational amplifier | C20: 1 | D20: =D$2 -> 3.3 | F20: 0.00025 | G20: =F20 -> 0.00025 | H20: =IF(ISBLANK($E20),F20*$C20,$D20/$E20*$C20+F20*$C20) -> 0.00025 | I20: =IF(ISBLANK($E20),G20*$C20,$D20/$E20*$C20+G20*$C20) -> 0.00025 | J20: =$D20*H20 -> 0.000825 | K20: =$D20*I20 -> 0.000825 | M20: =H20*1000 -> 0.25 | N20: =I20*1000 -> 0.25 | O20: =J20*1000 -> 0.825 | P20: =K20*1000 -> 0.825
A21: Output Terminal | B21: HV detector output | C21: 1 | D21: =D$2 -> 3.3 | E21: 10000 | H21: =IF(ISBLANK($E21),F21*$C21,$D21/$E21*$C21+F21*$C21) -> 0.00033 | I21: =IF(ISBLANK($E21),G21*$C21,$D21/$E21*$C21+G21*$C21) -> 0.00033 | J21: =$D21*H21 -> 0.001089 | K21: =$D21*I21 -> 0.001089 | M21: =H21*1000 -> 0.33 | N21: =I21*1000 -> 0.33 | O21: =J21*1000 -> 1.089 | P21: =K21*1000 -> 1.089
A22: Measurement | B22: Instrumentation amplifier | C22: 3 | D22: =D$2 -> 3.3 | F22: 0.0011 | G22: 0.0011 | H22: =IF(ISBLANK($E22),F22*$C22,$D22/$E22*$C22+F22*$C22) -> 0.0033 | I22: =IF(ISBLANK($E22),G22*$C22,$D22/$E22*$C22+G22*$C22) -> 0.0033 | J22: =$D22*H22 -> 0.01089 | K22: =$D22*I22 -> 0.01089 | M22: =H22*1000 -> 3.3 | N22: =I22*1000 -> 3.3 | O22: =J22*1000 -> 10.89 | P22: =K22*1000 -> 10.89
A23: Measurement | B23: Operational amplifier | C23: 2 | D23: =D$2 -> 3.3 | F23: 0.00025 | G23: =F23 -> 0.00025 | H23: =IF(ISBLANK($E23),F23*$C23,$D23/$E23*$C23+F23*$C23) -> 0.0005 | I23: =IF(ISBLANK($E23),G23*$C23,$D23/$E23*$C23+G23*$C23) -> 0.0005 | J23: =$D23*H23 -> 0.00165 | K23: =$D23*I23 -> 0.00165 | M23: =H23*1000 -> 0.5 | N23: =I23*1000 -> 0.5 | O23: =J23*1000 -> 1.65 | P23: =K23*1000 -> 1.65
A24: Measurement | B24: INA feedback | C24: 3 | D24: =D$2 -> 3.3 | E24: 100000 | H24: =IF(ISBLANK($E24),F24*$C24,$D24/$E24*$C24+F24*$C24) -> 9.9e-05 | I24: =IF(ISBLANK($E24),G24*$C24,$D24/$E24*$C24+G24*$C24) -> 9.9e-05 | J24: =$D24*H24 -> 0.0003267 | K24: =$D24*I24 -> 0.0003267 | M24: =H24*1000 -> 0.099 | N24: =I24*1000 -> 0.099 | O24: =J24*1000 -> 0.3267 | P24: =K24*1000 -> 0.3267
A25: Measurement | B25: ADC | C25: 1 | D25: =D$2 -> 3.3 | F25: 0.004 | G25: =F25 -> 0.004 | H25: =IF(ISBLANK($E25),F25*$C25,$D25/$E25*$C25+F25*$C25) -> 0.004 | I25: =IF(ISBLANK($E25),G25*$C25,$D25/$E25*$C25+G25*$C25) -> 0.004 | J25: =$D25*H25 -> 0.0132 | K25: =$D25*I25 -> 0.0132 | M25: =H25*1000 -> 4 | N25: =I25*1000 -> 4 | O25: =J25*1000 -> 13.2 | P25: =K25*1000 -> 13.2
A26: Microcontroller | B26: Operational amplifier | C26: 1 | D26: =D$2 -> 3.3 | F26: 0.00025 | G26: =F26 -> 0.00025 | H26: =IF(ISBLANK($E26),F26*$C26,$D26/$E26*$C26+F26*$C26) -> 0.00025 | I26: =IF(ISBLANK($E26),G26*$C26,$D26/$E26*$C26+G26*$C26) -> 0.00025 | J26: =$D26*H26 -> 0.000825 | K26: =$D26*I26 -> 0.000825 | M26: =H26*1000 -> 0.25 | N26: =I26*1000 -> 0.25 | O26: =J26*1000 -> 0.825 | P26: =K26*1000 -> 0.825
A27: Microcontroller | B27: Microcontroller (ADC) | C27: 5 | D27: =D$2 -> 3.3 | F27: 0.00073 | G27: =F27 -> 0.00073 | H27: =IF(ISBLANK($E27),F27*$C27,$D27/$E27*$C27+F27*$C27) -> 0.00365 | I27: =IF(ISBLANK($E27),G27*$C27,$D27/$E27*$C27+G27*$C27) -> 0.00365 | J27: =$D27*H27 -> 0.012045 | K27: =$D27*I27 -> 0.012045 | M27: =H27*1000 -> 3.65 | N27: =I27*1000 -> 3.65 | O27: =J27*1000 -> 12.045 | P27: =K27*1000 -> 12.045
A28: Microcontroller | B28: Microcontroller (DAC) | C28: 2 | D28: =D$2 -> 3.3 | F28: 0.00067 | G28: =F28 -> 0.00067 | H28: =IF(ISBLANK($E28),F28*$C28,$D28/$E28*$C28+F28*$C28) -> 0.00134 | I28: =IF(ISBLANK($E28),G28*$C28,$D28/$E28*$C28+G28*$C28) -> 0.00134 | J28: =$D28*H28 -> 0.004422 | K28: =$D28*I28 -> 0.004422 | M28: =H28*1000 -> 1.34 | N28: =I28*1000 -> 1.34 | O28: =J28*1000 -> 4.422 | P28: =K28*1000 -> 4.422

Sheet +3V3_UI
A1: Schematic sheet | B1: Component | C1: Quantity | D1: Voltage [V] | E1: Resistance [Ω] | F1: Average operating current [A] | G1: Peak operating current [A] | H1: Average current [A] | I1: Peak current [A] | J1: Average power [W] | K1: Peak power [W] | M1: Average current [mA] | N1: Peak current [mA] | O1: Average power [mW] | P1: Peak power [mW]
A2: Total | D2: ='Power consumption Overview'!B8 -> 3.3 | H2: =SUM(H3:H1048576) -> 0 | I2: =SUM(I3:I1048576) -> 0 | J2: =SUM(J3:J1048576) -> 0 | K2: =SUM(K3:K1048576) -> 0 | M2: =SUM(M3:M1048576) -> 0 | N2: =SUM(N3:N1048576) -> 0 | O2: =SUM(O3:O1048576) -> 0 | P2: =SUM(P3:P1048576) -> 0
C3: 1 | D3: =D$2 -> 3.3 | H3: =IF(ISBLANK($E3),F3*$C3,$D3/$E3*$C3+F3*$C3) -> 0 | I3: =IF(ISBLANK($E3),G3*$C3,$D3/$E3*$C3+G3*$C3) -> 0 | J3: =$D3*H3 -> 0 | K3: =$D3*I3 -> 0 | M3: =H3*1000 -> 0 | N3: =I3*1000 -> 0 | O3: =J3*1000 -> 0 | P3: =K3*1000 -> 0

Sheet VLED
A1: Schematic sheet | B1: Component | C1: Quantity | D1: Voltage [V] | E1: Resistance [Ω] | F1: Average operating current [A] | G1: Peak operating current [A] | H1: Average current [A] | I1: Peak current [A] | J1: Average power [W] | K1: Peak power [W] | M1: Average current [mA] | N1: Peak current [mA] | O1: Average power [mW] | P1: Peak power [mW]
A2: Total | D2: ='Power consumption Overview'!B9 -> 4 | H2: =SUM(H3:H1048576) -> 0.20058 | I2: =SUM(I3:I1048576) -> 0.20058 | J2: =SUM(J3:J1048576) -> 0.80232 | K2: =SUM(K3:K1048576) -> 0.80232 | M2: =SUM(M3:M1048576) -> 200.58 | N2: =SUM(N3:N1048576) -> 200.58 | O2: =SUM(O3:O1048576) -> 802.32 | P2: =SUM(P3:P1048576) -> 802.32
A3: UI - LED | B3: LED driver | C3: 1 | D3: =D$2 -> 4 | F3: 0.00029 | G3: 0.00029 | H3: =IF(ISBLANK($E3),F3*$C3,$D3/$E3*$C3+F3*$C3) -> 0.00029 | I3: =IF(ISBLANK($E3),G3*$C3,$D3/$E3*$C3+G3*$C3) -> 0.00029 | J3: =$D3*H3 -> 0.00116 | K3: =$D3*I3 -> 0.00116 | M3: =H3*1000 -> 0.29 | N3: =I3*1000 -> 0.29 | O3: =J3*1000 -> 1.16 | P3: =K3*1000 -> 1.16
A4: UI - LED | B4: LEDs | C4: 2 | D4: =D$2 -> 4 | F4: 0.02 | G4: 0.02 | H4: =IF(ISBLANK($E4),F4*$C4,$D4/$E4*$C4+F4*$C4) -> 0.04 | I4: =IF(ISBLANK($E4),G4*$C4,$D4/$E4*$C4+G4*$C4) -> 0.04 | J4: =$D4*H4 -> 0.16 | K4: =$D4*I4 -> 0.16 | M4: =H4*1000 -> 40 | N4: =I4*1000 -> 40 | O4: =J4*1000 -> 160 | P4: =K4*1000 -> 160
A5: UI - Display | B5: Backlight | C5: 4 | D5: =D$2 -> 4 | F5: 0.04 | G5: 0.04 | H5: =IF(ISBLANK($E5),F5*$C5,$D5/$E5*$C5+F5*$C5) -> 0.16 | I5: =IF(ISBLANK($E5),G5*$C5,$D5/$E5*$C5+G5*$C5) -> 0.16 | J5: =$D5*H5 -> 0.64 | K5: =$D5*I5 -> 0.64 | M5: =H5*1000 -> 160 | N5: =I5*1000 -> 160 | O5: =J5*1000 -> 640 | P5: =K5*1000 -> 640
A6: UI - LED | B6: Backlight driver | C6: 1 | D6: =D$2 -> 4 | F6: 0.00029 | G6: 0.00029 | H6: =IF(ISBLANK($E6),F6*$C6,$D6/$E6*$C6+F6*$C6) -> 0.00029 | I6: =IF(ISBLANK($E6),G6*$C6,$D6/$E6*$C6+G6*$C6) -> 0.00029 | J6: =$D6*H6 -> 0.00116 | K6: =$D6*I6 -> 0.00116 | M6: =H6*1000 -> 0.29 | N6: =I6*1000 -> 0.29 | O6: =J6*1000 -> 1.16 | P6: =K6*1000 -> 1.16

Sheet +3V3_STBY
A1: Schematic sheet | B1: Component | C1: Quantity | D1: Voltage [V] | E1: Resistance [Ω] | F1: Average operating current [A] | G1: Peak operating current [A] | H1: Average current [A] | I1: Peak current [A] | J1: Average power [W] | K1: Peak power [W] | M1: Average current [mA] | N1: Peak current [mA] | O1: Average power [mW] | P1: Peak power [mW]
A2: Total | D2: ='Power consumption Overview'!B10 -> 3.3 | H2: =SUM(H3:H1048576) -> 1e-06 | I2: =SUM(I3:I1048576) -> 1e-07 | J2: =SUM(J3:J1048576) -> 3.3e-06 | K2: =SUM(K3:K1048576) -> 3.3e-07 | M2: =SUM(M3:M1048576) -> 0.001 | N2: =SUM(N3:N1048576) -> 0.0001 | O2: =SUM(O3:O1048576) -> 0.0033 | P2: =SUM(P3:P1048576) -> 0.00033
A3: Microcontroller | B3: RTC | C3: 1 | D3: =D$2 -> 3.3 | F3: 1e-06 | G3: 1e-07 | H3: =IF(ISBLANK($E3),F3*$C3,$D3/$E3*$C3+F3*$C3) -> 1e-06 | I3: =IF(ISBLANK($E3),G3*$C3,$D3/$E3*$C3+G3*$C3) -> 1e-07 | J3: =$D3*H3 -> 3.3e-06 | K3: =$D3*I3 -> 3.3e-07 | M3: =H3*1000 -> 0.001 | N3: =I3*1000 -> 0.0001 | O3: =J3*1000 -> 0.0033 | P3: =K3*1000 -> 0.00033
